uniswap_universalrouter,1,0x66a9893cc07d91d95644aedd05d03f95e1dba8af,Uniswap: UniversalRouter
metamask_metaswap,1,0x881d40237659c251811cec9c364ef91dc08d300c,Metamask: MetaSwap
contract_0xa148491dcd060d20e836cb9be518f6c30608e3d5,1,0xa148491dcd060d20e836cb9be518f6c30608e3d5,Contract 0xa148491dcd060d20e836cb9be518f6c30608e3d5
okx_dex_dexrouter,1,0x2e1dee213ba8d7af0934c49a23187babeaca8764,Okx_dex: DexRouter
zeroex_allowanceholder,1,0x0000000000001ff3684f28c67538d4d072c22734,Zeroex: AllowanceHolder
relay_relayreceiver,1,0xa5f565650890fba1824ee0f21ebbbf660a179934,Relay: RelayReceiver
lifi_lifidiamond_v2,1,0x1231deb6f5749ef6ce6943a275a1d3e7486f4eae,Lifi: LiFiDiamond_v2
seaport_seaport,1,0x0000000000000068f116a894984e2db1123eb395,Seaport: Seaport
relay_relaydepository,1,0x4cd00e387622c35bddb9b4c962c136462338bc31,Relay: RelayDepository
uniswap_v2_uniswapv2factory,1,0x7a250d5630b4cf539739df2c5dacb4c659f2488d,Uniswap_v2: UniswapV2Factory
opensea_seadrop,1,0x00005ea00ac477b1030ce78506496e8c2de24bf5,Opensea: SeaDrop
oneinch_aggregationrouterv6,1,0x111111125421ca6dc452d289314280a0f8842a65,Oneinch: AggregationRouterV6
enso_build_airdrop,1,0x94be2665a31f0e6cabcb94871a0da7766cdfa299,Enso_build: Airdrop
oneinch_aggregationrouterv5,1,0x1111111254eeb25477b68fb85ed929f73a960582,Oneinch: AggregationRouterV5
contract_0x3328f7f4a1d1c57c35df56bbf0c9dcafca309c49,1,0x3328f7f4a1d1c57c35df56bbf0c9dcafca309c49,Contract 0x3328f7f4a1d1c57c35df56bbf0c9dcafca309c49
metamask_metabridge,1,0x0439e60f02a8900a951603950d8d4527f400c3f1,Metamask: MetaBridge
rango_exchange_rangodiamond,1,0x69460570c93f9de5e2edbc3052bf10125f0ca22d,Rango_exchange: RangoDiamond
binance_dex_binance_dex,1,0xb300000b72deaeb607a12d5f54773d1c19c7028d,Binance_dex: binance_dex
aave_v3_pool,1,0x87870bca3f3fd6335c3f4ce8392d69350b4fa4e2,Aave_v3: Pool
pendle_routerv4,1,0x888888888889758f76e7103c6cbf23abbf58f946,Pendle: routerv4
relay_approvalproxy,1,0xbbbfd134e9b44bfb5123898ba36b01de7ab93d98,Relay: ApprovalProxy
contract_0xd3bede0d95ff696c3545c2802b1b7f0f97b8f264,1,0xd3bede0d95ff696c3545c2802b1b7f0f97b8f264,Contract 0xd3bede0d95ff696c3545c2802b1b7f0f97b8f264
contract_0x703e753e9a2aca1194ded65833eaec17dcfeac1b,1,0x703e753e9a2aca1194ded65833eaec17dcfeac1b,Contract 0x703e753e9a2aca1194ded65833eaec17dcfeac1b
contract_0xb685760ebd368a891f27ae547391f4e2a289895b,1,0xb685760ebd368a891f27ae547391f4e2a289895b,Contract 0xb685760ebd368a891f27ae547391f4e2a289895b
liquidmesh_liquidmeshrouter,1,0x3d90f66b534dd8482b181e24655a9e8265316be9,Liquidmesh: LiquidMeshRouter
uniswap_v3_permit2,1,0x000000000022d473030f116ddee9f6b43ac78ba3,Uniswap_v3: Permit2
socket_v2_socketgateway,1,0x3a23f943181408eac424116af7b7790c94cb97a5,Socket_v2: SocketGateway
relay_relayrouter,1,0xf5042e6ffac5a625d4e7848e0b01373d8eb9e222,Relay: RelayRouter
contract_0x89c6340b1a1f4b25d36cd8b063d49045caf3f818,1,0x89c6340b1a1f4b25d36cd8b063d49045caf3f818,Contract 0x89c6340b1a1f4b25d36cd8b063d49045caf3f818
mimic_swapper,1,0x3c11f6265ddec22f4d049dde480615735f451646,Mimic: Swapper
debridge_deswapsender,1,0x663dc15d3c1ac63ff12e45ab68fea3f0a883c251,Debridge: DeSwapSender
paraswap_augustusv6_2,1,0x6a000f20005980200259b80c5102003040001068,Paraswap: AugustusV6_2
dln_transparentupgradeableproxy,1,0xef4fb24ad0916217251f553c0596f8edc630eb66,Dln: TransparentUpgradeableProxy
across_v2_uba_ethereum_spokepool,1,0x5c7bcd6e7de5423a257d81b442095a1a6ced35c5,Across_v2: UBA_Ethereum_SpokePool
transitswap_transitswaprouterv5,1,0x00000047bb99ea4d791bb749d970de71ee0b1a34,Transitswap: TransitSwapRouterV5
kyber_metaaggregationrouterv2,1,0x6131b5fae19ea4f9d964eac0408e4408b66337b5,Kyber: MetaAggregationRouterV2
contract_0xd8295b9e6b2d87c3eb4dae97614c8e907a14f5e1,1,0xd8295b9e6b2d87c3eb4dae97614c8e907a14f5e1,Contract 0xd8295b9e6b2d87c3eb4dae97614c8e907a14f5e1
thorswap_thorchain,1,0xd37bbe5744d730a1d98d8dc97c42f0ca46ad7146,Thorswap: THORChain
aave_v3_wrappedtokengatewayv3,1,0xd01607c3c5ecaba394d8be377a08590149325722,Aave_v3: WrappedTokenGatewayV3
contract_0xf9e037dcf792ba8c4a0ca570eac7cbcbafabd9d4,1,0xf9e037dcf792ba8c4a0ca570eac7cbcbafabd9d4,Contract 0xf9e037dcf792ba8c4a0ca570eac7cbcbafabd9d4
merkl_distributor,1,0x3ef3d8ba38ebe18db133cec108f4d14ce00dd9ae,Merkl: Distributor
eth_fox_vault_ethfoxvault,1,0x4fef9d741011476750a243ac70b9789a63dd47df,Eth_fox_vault: EthFoxVault
mayan_mayanforwarder2,1,0x337685fdab40d39bd02028545a4ffa7d287cc3e2,Mayan: MayanForwarder2
astherus_astherusvault_eth,1,0x604dd02d620633ae427888d41bfd15e38483736e,Astherus: AstherusVault_eth
curve_curverouter,1,0x45312ea0eff7e09c83cbe249fa1d7598c4c8cd4e,Curve: CurveRouter
blur_v2_blurpool,1,0xb2ecfe4e4d61f8790bbb9de2d1259b9e2410cea5,Blur_v2: BlurPool
tokenlon_tokenlon,1,0x03f34be1bf910116595db1b11e9d1b2ca5d59659,Tokenlon: Tokenlon
contract_0x47ebcf27421858d4019238620a44a4ea10ebb5d9,1,0x47ebcf27421858d4019238620a44a4ea10ebb5d9,Contract 0x47ebcf27421858d4019238620a44a4ea10ebb5d9
morpho_blue_bundler3,1,0x6566194141eefa99af43bb5aa71460ca2dc90245,Morpho_blue: Bundler3
lighter_v2_zklighter,1,0x3b4d794a66304f130a4db8f2551b0070dfcf5ca7,Lighter_v2: ZkLighter
contract_0xefe7a50f92b089b06d0e6cbcc85d7584424921b2,1,0xefe7a50f92b089b06d0e6cbcc85d7584424921b2,Contract 0xefe7a50f92b089b06d0e6cbcc85d7584424921b2
contract_0xb141f554188cf306fde443f6e991949636f80e49,1,0xb141f554188cf306fde443f6e991949636f80e49,Contract 0xb141f554188cf306fde443f6e991949636f80e49
umaproject_votingv2,1,0x004395edb43efca9885cedad51ec9faf93bd34ac,Umaproject: VotingV2
contract_0xba3cb449bd2b4adddbc894d8697f5170800eadec,1,0xba3cb449bd2b4adddbc894d8697f5170800eadec,Contract 0xba3cb449bd2b4adddbc894d8697f5170800eadec
sushiswap_redsnwapper,1,0xac4c6e212a361c968f1725b4d055b47e63f80b75,Sushiswap: RedSnwapper
contract_0x4775f480265b77e34067a1ea7fc4f6a1f8bd97eb,1,0x4775f480265b77e34067a1ea7fc4f6a1f8bd97eb,Contract 0x4775f480265b77e34067a1ea7fc4f6a1f8bd97eb
blur_blurpool,1,0x0000000000a39bb272e79075ade125fd351887ac,Blur: BlurPool
contract_0x80a64c6d7f12c47b7c66c5b4e20e72bc1fcd5d9e,1,0x80a64c6d7f12c47b7c66c5b4e20e72bc1fcd5d9e,Contract 0x80a64c6d7f12c47b7c66c5b4e20e72bc1fcd5d9e
ethereumnameservice_ethregistrarcontroller_4,1,0x253553366da8546fc250f225fe3d25d0c782303b,Ethereumnameservice: ETHRegistrarController_4
contract_0x66b0fa76a0f54a04ffb7bf1bed1e1b009af9c908,1,0x66b0fa76a0f54a04ffb7bf1bed1e1b009af9c908,Contract 0x66b0fa76a0f54a04ffb7bf1bed1e1b009af9c908
contract_0x7a6ad3753b51cb0161405e93645b5e1f95b6e50f,1,0x7a6ad3753b51cb0161405e93645b5e1f95b6e50f,Contract 0x7a6ad3753b51cb0161405e93645b5e1f95b6e50f
contract_0x1fa57f879417e029ef57d7ce915b0aa56a507c31,1,0x1fa57f879417e029ef57d7ce915b0aa56a507c31,Contract 0x1fa57f879417e029ef57d7ce915b0aa56a507c31
xcnstaking_chnstaking,1,0x23445c63feef8d85956dc0f19ade87606d0e19a9,Xcnstaking: CHNStaking
euler_v2_ethereumvaultconnector,1,0x0c9a3dd6b8f28529d72d7f9ce918d493519ee383,Euler_v2: EthereumVaultConnector
paraswap_augustusswapper6_0,1,0xdef171fe48cf0115b1d80b88dc8eab59176fee57,Paraswap: AugustusSwapper6.0
contract_0x9f954ca511ea6c453fc743d0d9b8fbf17e7d86c0,1,0x9f954ca511ea6c453fc743d0d9b8fbf17e7d86c0,Contract 0x9f954ca511ea6c453fc743d0d9b8fbf17e7d86c0
base_l1standardbridge,1,0x3154cf16ccdb4c6d922629664174b904d80f2c35,Base: L1StandardBridge
eigenlayer_delegationmanager,1,0x39053d51b77dc0d36036fc1fcc8cb819df8ef37a,Eigenlayer: DelegationManager
contract_0x95b2f281663f6d3bd4091d987b87cbabd1a9b43e,1,0x95b2f281663f6d3bd4091d987b87cbabd1a9b43e,Contract 0x95b2f281663f6d3bd4091d987b87cbabd1a9b43e
contract_0xd0764fae29e0a6a96ff685f71cfc685456d5636c,1,0xd0764fae29e0a6a96ff685f71cfc685456d5636c,Contract 0xd0764fae29e0a6a96ff685f71cfc685456d5636c
rhino_fi_dvfdepositcontract,1,0xbca3039a18c0d2f2f84ba8a028c67290bc045afa,Rhino_fi: DVFDepositContract
everstake_b2c_pool,1,0xd523794c879d9ec028960a231f866758e405be34,Everstake_b2c: Pool
contract_0x28ca9caae31602d0312ebf6466c9dd57fca5da93,1,0x28ca9caae31602d0312ebf6466c9dd57fca5da93,Contract 0x28ca9caae31602d0312ebf6466c9dd57fca5da93
rubic_crosschain_rubicproxy_v3,1,0x3335733c454805df6a77f825f266e136fb4a3333,Rubic_crosschain: RubicProxy_v3
contract_0x207e1074858a7e78f17002075739ed2745dbaece,1,0x207e1074858a7e78f17002075739ed2745dbaece,Contract 0x207e1074858a7e78f17002075739ed2745dbaece
pancakeswap_xchain_xchainsender,1,0xe82e2d3b9db59f7c7b438239d92e2190a64e26ce,Pancakeswap_xchain: XChainSender
eth2_depositcontract,1,0x00000000219ab540356cbb839cbe05303d7705fa,Eth2: DepositContract
uniswap_universalrouter_v2,1,0x3fc91a3afd70395cd496c647d5a6cc9d4b2b7fad,Uniswap: UniversalRouter
contract_0x3a10dc1a145da500d5fba38b9ec49c8ff11a981f,1,0x3a10dc1a145da500d5fba38b9ec49c8ff11a981f,Contract 0x3a10dc1a145da500d5fba38b9ec49c8ff11a981f
opensea_transferhelper,1,0x0000000000c2d145a2526bd8c716263bfebe1a72,Opensea: TransferHelper
contract_0x87a26566dbb3bf206634c1792a96ff4989e3f56e,1,0x87a26566dbb3bf206634c1792a96ff4989e3f56e,Contract 0x87a26566dbb3bf206634c1792a96ff4989e3f56e
contract_0x6ff742845d45d29cb38fa075efc889247a52eb02,1,0x6ff742845d45d29cb38fa075efc889247a52eb02,Contract 0x6ff742845d45d29cb38fa075efc889247a52eb02
contract_0xf6aa583040775bb67db45291b1d89828bbff3d0e,1,0xf6aa583040775bb67db45291b1d89828bbff3d0e,Contract 0xf6aa583040775bb67db45291b1d89828bbff3d0e
contract_0x3fb9ced51e968594c87963a371ed90c39519f65a,1,0x3fb9ced51e968594c87963a371ed90c39519f65a,Contract 0x3fb9ced51e968594c87963a371ed90c39519f65a
contract_0xa69babef1ca67a37ffaf7a485dfff3382056e78c,1,0xa69babef1ca67a37ffaf7a485dfff3382056e78c,Contract 0xa69babef1ca67a37ffaf7a485dfff3382056e78c
pendle_pendlemultitokenmerkledistributor,1,0x3942f7b55094250644cffda7160226caa349a38e,Pendle: PendleMultiTokenMerkleDistributor
contract_0x6023d72c2f27de291b3404ead43704de2066c005,1,0x6023d72c2f27de291b3404ead43704de2066c005,Contract 0x6023d72c2f27de291b3404ead43704de2066c005
blur_blend,1,0x29469395eaf6f95920e59f858042f0e28d98a20b,Blur: Blend
contract_0x6c96de32cea08842dcc4058c14d3aaad7fa41dee,1,0x6c96de32cea08842dcc4058c14d3aaad7fa41dee,Contract 0x6c96de32cea08842dcc4058c14d3aaad7fa41dee
circle_messagetransmitterv2,1,0x81d40f21f12a8f0e3252bccb954d722d4c464b64,Circle: MessageTransmitterV2
rainbow_swap_aggregator_rainbowrouter,1,0x00000000009726632680fb29d3f7a9734e3010e2,Rainbow_swap_aggregator: RainbowRouter
pendlevotingcontroller_pendlevotingcontrollerupg,1,0x44087e105137a5095c008aab6a6530182821f2f0,Pendlevotingcontroller: PendleVotingControllerUpg
contract_0x0ba6d224169bbfad4eb2d38c500d2c8e8ede696c,1,0x0ba6d224169bbfad4eb2d38c500d2c8e8ede696c,Contract 0x0ba6d224169bbfad4eb2d38c500d2c8e8ede696c
circle_tokenmessenger,1,0xbd3fa81b58ba92a82136038b25adec7066af3155,Circle: TokenMessenger
contract_0x5078080686ac9381e18eec8ca0e05d4ee2d52484,1,0x5078080686ac9381e18eec8ca0e05d4ee2d52484,Contract 0x5078080686ac9381e18eec8ca0e05d4ee2d52484
contract_0x9d01ea72c5b441dfdc6ca4fcc8ed9ff0b4c426b7,1,0x9d01ea72c5b441dfdc6ca4fcc8ed9ff0b4c426b7,Contract 0x9d01ea72c5b441dfdc6ca4fcc8ed9ff0b4c426b7
ethereumnameservice_publicresolver_v2,1,0x231b0ee14048e9dccd1d247744d114a4eb5e8e63,Ethereumnameservice: PublicResolver_v2
contract_0x39106228a91ec6d73d44867aa177a0d0b1918a5d,1,0x39106228a91ec6d73d44867aa177a0d0b1918a5d,Contract 0x39106228a91ec6d73d44867aa177a0d0b1918a5d
zksync_bridgehub,1,0x303a465b659cbb0ab36ee643ea362c509eeb5213,Zksync: Bridgehub
uniswap_v3_swaprouter,1,0xe592427a0aece92de3edee1f18e0157c05861564,Uniswap_v3: SwapRouter
ethena_labs_ethenalpstaking,1,0x8707f238936c12c309bfc2b9959c35828acfc512,Ethena_labs: EthenaLPStaking
etherfi_lrt2claim,1,0x6db24ee656843e3fe03eb8762a54d86186ba6b64,Etherfi: LRT2Claim
contract_0x0736bdc975af0675b9a045384efed91360d25479,1,0x0736bdc975af0675b9a045384efed91360d25479,Contract 0x0736bdc975af0675b9a045384efed91360d25479
whalesmarkets_premarket,1,0x1ecdb32e59e948c010a189a0798c674a2d0c6603,Whalesmarkets: PreMarket
contract_0xf65e73aac9182e353600a916a6c7681f810f79c3,1,0xf65e73aac9182e353600a916a6c7681f810f79c3,Contract 0xf65e73aac9182e353600a916a6c7681f810f79c3
odos_v2_odosrouterv2,1,0xcf5540fffcdc3d510b18bfca6d2b9987b0772559,Odos_v2: OdosRouterV2
contract_0x7768a894e6d0160530c0b386c0a963989239f107,1,0x7768a894e6d0160530c0b386c0a963989239f107,Contract 0x7768a894e6d0160530c0b386c0a963989239f107
contract_0xe862bc39b8d5f12d8c4117d3e2d493dc20051ec6,1,0xe862bc39b8d5f12d8c4117d3e2d493dc20051ec6,Contract 0xe862bc39b8d5f12d8c4117d3e2d493dc20051ec6
immutable_x_starkexchange,1,0x5fdcca53617f4d2b9134b29090c87d01058e27e9,Immutable_x: StarkExchange
circle_tokenmessengerv2,1,0x28b5a0e9c621a5badaa536219b3a228c8168cf5d,Circle: TokenMessengerV2
contract_0x34e158883efc81c5d92fde785fba48db738711ee,1,0x34e158883efc81c5d92fde785fba48db738711ee,Contract 0x34e158883efc81c5d92fde785fba48db738711ee
contract_0x60943cb06b76a24431659165c81a03c16f1c325c,1,0x60943cb06b76a24431659165c81a03c16f1c325c,Contract 0x60943cb06b76a24431659165c81a03c16f1c325c
uniswap_v3_swaprouter02,1,0x68b3465833fb72a70ecdf485e0e4c7bd8665fc45,Uniswap_v3: SwapRouter02
contract_0xb8bc5c1128cbd0ede932066078d7c0ab16fd341d,1,0xb8bc5c1128cbd0ede932066078d7c0ab16fd341d,Contract 0xb8bc5c1128cbd0ede932066078d7c0ab16fd341d
contract_0xf0bae7189bf0ebbaa76b5a6b372c9db837e455c4,1,0xf0bae7189bf0ebbaa76b5a6b372c9db837e455c4,Contract 0xf0bae7189bf0ebbaa76b5a6b372c9db837e455c4
contract_0x44e37608f744a7aeb16f7dc9bf052c310e6cd015,1,0x44e37608f744a7aeb16f7dc9bf052c310e6cd015,Contract 0x44e37608f744a7aeb16f7dc9bf052c310e6cd015
pendle_votingescrowpendlemainchain,1,0x4f30a9d41b80ecc5b94306ab4364951ae3170210,Pendle: VotingEscrowPendleMainchain
contract_0xd4517dbeef443cf3d1d760abdd4268f12940c6f8,1,0xd4517dbeef443cf3d1d760abdd4268f12940c6f8,Contract 0xd4517dbeef443cf3d1d760abdd4268f12940c6f8
ethtrade_erc1967proxy,1,0x509b52749c2991b7472b3ee5876f5e0bca8f2429,Ethtrade: ERC1967Proxy
stargate_v2_stargatepoolnative,1,0x77b2043768d28e9c9ab44e1abfc95944bce57931,Stargate_v2: StargatePoolNative
contract_0x8ac4ae65b3656e26dc4e0e69108b392283350f55,1,0x8ac4ae65b3656e26dc4e0e69108b392283350f55,Contract 0x8ac4ae65b3656e26dc4e0e69108b392283350f55
layer3_staking,1,0x8e02d37b6cad86039bdd11095b8c879b907f7d10,Layer3: Staking
contract_0xbd25f1cc84d30ce373ce3411f6270be597f91401,1,0xbd25f1cc84d30ce373ce3411f6270be597f91401,Contract 0xbd25f1cc84d30ce373ce3411f6270be597f91401
contract_0x8407490c88667c1c5ca2910f95dd4027c84e1804,1,0x8407490c88667c1c5ca2910f95dd4027c84e1804,Contract 0x8407490c88667c1c5ca2910f95dd4027c84e1804
ozak_ai_tokenpresale,1,0xc73a02c63277fc12f28ae6d78bd7e1b6b425911b,Ozak_ai: TokenPresale
circle_messagetransmitter,1,0x0a992d191deec32afe36203ad87d7d289a738f81,Circle: MessageTransmitter
gnosis_safe_safeproxyfactory_v_1_4_1,1,0x4e1dcf7ad4e460cfd30791ccc4f9c8a4f820ec67,Gnosis_safe: SafeProxyFactory_v_1_4_1
contract_0x7678dfc2406ac2d60f174813e8a79f2b69861455,1,0x7678dfc2406ac2d60f174813e8a79f2b69861455,Contract 0x7678dfc2406ac2d60f174813e8a79f2b69861455
contract_0xb3911c121909736a9c1a76e5cf078d19a3e7d233,1,0xb3911c121909736a9c1a76e5cf078d19a3e7d233,Contract 0xb3911c121909736a9c1a76e5cf078d19a3e7d233
contract_0x7da3c860996966409a2c0136b61e9b34f6bd1a34,1,0x7da3c860996966409a2c0136b61e9b34f6bd1a34,Contract 0x7da3c860996966409a2c0136b61e9b34f6bd1a34
contract_0x2ddd5e07dad86af708082171ef01f5ab1fd54f3a,1,0x2ddd5e07dad86af708082171ef01f5ab1fd54f3a,Contract 0x2ddd5e07dad86af708082171ef01f5ab1fd54f3a
linea_v2_linearollup,1,0xd19d4b5d358258f05d7b411e21a1460d11b0876f,Linea_v2: LineaRollup
contract_0x5584197ce066aabc11919ace52b6df5948b1e930,1,0x5584197ce066aabc11919ace52b6df5948b1e930,Contract 0x5584197ce066aabc11919ace52b6df5948b1e930
contract_0x93e3d3a752f31cb46813a0265281ad07f2e2e183,1,0x93e3d3a752f31cb46813a0265281ad07f2e2e183,Contract 0x93e3d3a752f31cb46813a0265281ad07f2e2e183
manifold_erc1155lazypayableclaim,1,0x26bbea7803dcac346d5f5f135b57cf2c752a02be,Manifold: ERC1155LazyPayableClaim
ethereumnameservice_ethregistrarcontroller_3,1,0x283af0b28c62c092c9727f1ee09c02ca627eb7f5,Ethereumnameservice: ETHRegistrarController_3
contract_0xeff6cb8b614999d130e537751ee99724d01aa167,1,0xeff6cb8b614999d130e537751ee99724d01aa167,Contract 0xeff6cb8b614999d130e537751ee99724d01aa167
contract_0x7489bea3b8c4ab17002e1af5d2495cecf756b8f1,1,0x7489bea3b8c4ab17002e1af5d2495cecf756b8f1,Contract 0x7489bea3b8c4ab17002e1af5d2495cecf756b8f1
contract_0xe3cbe3a636ab6a754e9e41b12b09d09ce9e53db3,1,0xe3cbe3a636ab6a754e9e41b12b09d09ce9e53db3,Contract 0xe3cbe3a636ab6a754e9e41b12b09d09ce9e53db3
contract_0xf621fb08bbe51af70e7e0f4ea63496894166ff7f,1,0xf621fb08bbe51af70e7e0f4ea63496894166ff7f,Contract 0xf621fb08bbe51af70e7e0f4ea63496894166ff7f
contract_0x659a9670a657ec8717cdb990dd7ef38f8e63fb1a,1,0x659a9670a657ec8717cdb990dd7ef38f8e63fb1a,Contract 0x659a9670a657ec8717cdb990dd7ef38f8e63fb1a
pancakeswap_v3_universalrouter,1,0x65b382653f7c31bc0af67f188122035461ec9c76,Pancakeswap_v3: UniversalRouter
polygon_rootchainmanager,1,0xa0c68c638235ee32657e8f720a23cec1bfc77c77,Polygon: RootChainManager
arbitrum_inbox,1,0x4dbd4fc535ac27206064b68ffcf827b0a60bab3f,Arbitrum: Inbox
contract_0xd970d7292dfe7dd7528fb8726b1cf9bb3bc93c22,1,0xd970d7292dfe7dd7528fb8726b1cf9bb3bc93c22,Contract 0xd970d7292dfe7dd7528fb8726b1cf9bb3bc93c22
contract_0xee030ec6f4307411607e55acd08e628ae6655b86,1,0xee030ec6f4307411607e55acd08e628ae6655b86,Contract 0xee030ec6f4307411607e55acd08e628ae6655b86
kilnfi_staking_contract_ledger_live,1,0x1e68238ce926dec62b3fbc99ab06eb1d85ce0270,Kilnfi: staking_contract_ledger_live
pulsechain_pulsechainomnibridge,1,0x1715a3e4a142d8b698131108995174f37aeba10d,Pulsechain: PulseChainOmnibridge
contract_0xee9230e4893739f29def13450f2655c5c3b690f1,1,0xee9230e4893739f29def13450f2655c5c3b690f1,Contract 0xee9230e4893739f29def13450f2655c5c3b690f1
contract_0xcf7625a2fb60b0822444e5964b4ce80c148e7fad,1,0xcf7625a2fb60b0822444e5964b4ce80c148e7fad,Contract 0xcf7625a2fb60b0822444e5964b4ce80c148e7fad
ouroboros_feetokenminter,1,0x4c93d6380d22c44850bdfa569df5dd96e278622b,Ouroboros: FeeTokenMinter
eigenlayer_rewardscoordinator,1,0x7750d328b314effa365a0402ccfd489b80b0adda,Eigenlayer: RewardsCoordinator
contract_0x6fdccbd039aef9f1f4caa9fa1afd565e10262812,1,0x6fdccbd039aef9f1f4caa9fa1afd565e10262812,Contract 0x6fdccbd039aef9f1f4caa9fa1afd565e10262812
contract_0x2bcbbfa0c6ecf46dcf05ab9e5be234275a760128,1,0x2bcbbfa0c6ecf46dcf05ab9e5be234275a760128,Contract 0x2bcbbfa0c6ecf46dcf05ab9e5be234275a760128
contract_0xca39c58c629fe0a15fbe3829c633f3ff8e3786cb,1,0xca39c58c629fe0a15fbe3829c633f3ff8e3786cb,Contract 0xca39c58c629fe0a15fbe3829c633f3ff8e3786cb
contract_0x864baa13e01d8f9e26549dc91b458cd15e34eb7c,1,0x864baa13e01d8f9e26549dc91b458cd15e34eb7c,Contract 0x864baa13e01d8f9e26549dc91b458cd15e34eb7c
contract_0x45118b56d5066a6352d78d15f795cfab33c4def3,1,0x45118b56d5066a6352d78d15f795cfab33c4def3,Contract 0x45118b56d5066a6352d78d15f795cfab33c4def3
bridgebase_optimismportal,1,0x49048044d57e1c92a77f79988d21fa8faf74e97e,Bridgebase: OptimismPortal
sorare_l2_bridge_starkexchange,1,0xf5c9f957705bea56a7e806943f98f7777b995826,Sorare_l2_bridge: StarkExchange
0xsquid_squidrouter,1,0xce16f69375520ab01377ce7b88f5ba8c48f8d666,0xsquid: SquidRouter
contract_0x6aba0315493b7e6989041c91181337b662fb1b90,1,0x6aba0315493b7e6989041c91181337b662fb1b90,Contract 0x6aba0315493b7e6989041c91181337b662fb1b90
contract_0x0d6ce8158640cc02f405dee694d8aeda56ed3271,1,0x0d6ce8158640cc02f405dee694d8aeda56ed3271,Contract 0x0d6ce8158640cc02f405dee694d8aeda56ed3271
contract_0x4c9e3d71747245b27256f23ca5705d2e21115490,1,0x4c9e3d71747245b27256f23ca5705d2e21115490,Contract 0x4c9e3d71747245b27256f23ca5705d2e21115490
contract_0xff68a48e8f7b9cfcf2fb5f418ec9bbfc2203dff7,1,0xff68a48e8f7b9cfcf2fb5f418ec9bbfc2203dff7,Contract 0xff68a48e8f7b9cfcf2fb5f418ec9bbfc2203dff7
contract_0xcb28c5ea2c6eb7ff7ddaef1f989d6258cacd7db1,1,0xcb28c5ea2c6eb7ff7ddaef1f989d6258cacd7db1,Contract 0xcb28c5ea2c6eb7ff7ddaef1f989d6258cacd7db1
contract_0x68d499f3f8879ea0da58f0a3021224f3d692d090,1,0x68d499f3f8879ea0da58f0a3021224f3d692d090,Contract 0x68d499f3f8879ea0da58f0a3021224f3d692d090
contract_0x1178c6a8e2600f0e9bafbc5e5677fe10805f05e3,1,0x1178c6a8e2600f0e9bafbc5e5677fe10805f05e3,Contract 0x1178c6a8e2600f0e9bafbc5e5677fe10805f05e3
contract_0x0d05a7d3448512b78fa8a9e46c4872c88c4a0d05,1,0x0d05a7d3448512b78fa8a9e46c4872c88c4a0d05,Contract 0x0d05a7d3448512b78fa8a9e46c4872c88c4a0d05
etherfi_atomicqueue,1,0xd45884b592e316eb816199615a95c182f75dea07,Etherfi: AtomicQueue
wormhole_tokenbridge,1,0x3ee18b2214aff97000d974cf647e7c347e8fa585,Wormhole: TokenBridge
contract_0x4ffac630c56e41135a7b1f892d3af8061df3620d,1,0x4ffac630c56e41135a7b1f892d3af8061df3620d,Contract 0x4ffac630c56e41135a7b1f892d3af8061df3620d
contract_0x8e2281bf46e4edc53ecd4aeafeffe37d5ab3fb6b,1,0x8e2281bf46e4edc53ecd4aeafeffe37d5ab3fb6b,Contract 0x8e2281bf46e4edc53ecd4aeafeffe37d5ab3fb6b
contract_0x5f17bf773aba7f0f877db4ac82861c198891d1f9,1,0x5f17bf773aba7f0f877db4ac82861c198891d1f9,Contract 0x5f17bf773aba7f0f877db4ac82861c198891d1f9
contract_0x01ea841f961af744ed25e5d6f7cf791aebeaa3f8,1,0x01ea841f961af744ed25e5d6f7cf791aebeaa3f8,Contract 0x01ea841f961af744ed25e5d6f7cf791aebeaa3f8
contract_0x0cf399ace6bda2e656d1b889faa928968a67dddd,1,0x0cf399ace6bda2e656d1b889faa928968a67dddd,Contract 0x0cf399ace6bda2e656d1b889faa928968a67dddd
contract_0x317dd5ab50c6948f6486b9ed65c4ba1eb678a529,1,0x317dd5ab50c6948f6486b9ed65c4ba1eb678a529,Contract 0x317dd5ab50c6948f6486b9ed65c4ba1eb678a529
aave_paraswaprepayadapter,1,0x35bb522b102326ea3f1141661df4626c87000e3e,Aave: ParaSwapRepayAdapter
contract_0x33d933cdb77be8469c113b4c8162473b72430cc2,1,0x33d933cdb77be8469c113b4c8162473b72430cc2,Contract 0x33d933cdb77be8469c113b4c8162473b72430cc2
contract_0xfaae2946e846133af314d1df13684c89fa7d83dd,1,0xfaae2946e846133af314d1df13684c89fa7d83dd,Contract 0xfaae2946e846133af314d1df13684c89fa7d83dd
symbiotic_vault,1,0xca7bc6a710b815dfcbabb9503e6a387e94914545,Symbiotic: Vault
multicall_multicall3,1,0xca11bde05977b3631167028862be2a173976ca11,Multicall: Multicall3
contract_0x1f748c76de468e9d11bd340fa9d5cbadf315dfb0,1,0x1f748c76de468e9d11bd340fa9d5cbadf315dfb0,Contract 0x1f748c76de468e9d11bd340fa9d5cbadf315dfb0
ethereumnameservice_reverseregistrar_v3,1,0xa58e81fe9b61b5c3fe2afd33cf304c454abfc7cb,Ethereumnameservice: ReverseRegistrar_v3
betswirl_ccip_router,1,0x80226fc0ee2b096224eeac085bb9a8cba1146f7d,Betswirl: CCIP_Router
contract_0x0ccd5dd5bcf1af77dc358d1e2f06ee880ef63c3c,1,0x0ccd5dd5bcf1af77dc358d1e2f06ee880ef63c3c,Contract 0x0ccd5dd5bcf1af77dc358d1e2f06ee880ef63c3c
openocean_v2_openoceanexchangeproxy,1,0x6352a56caadc4f1e25cd6c75970fa768a3304e64,Openocean_v2: OpenOceanExchangeProxy
contract_0xa0a76b000c8e7fb4fd2ee4227b0142238ef7ff7e,1,0xa0a76b000c8e7fb4fd2ee4227b0142238ef7ff7e,Contract 0xa0a76b000c8e7fb4fd2ee4227b0142238ef7ff7e
contract_0x35d173cdfe4d484bc5985fda55fabad5892c7b82,1,0x35d173cdfe4d484bc5985fda55fabad5892c7b82,Contract 0x35d173cdfe4d484bc5985fda55fabad5892c7b82
stargate_v2_stargatepoolusdc,1,0xc026395860db2d07ee33e05fe50ed7bd583189c7,Stargate_v2: StargatePoolUSDC
aave_v3_paraswapdebtswapadapterv3gho,1,0xd7852e139a7097e119623de0751ae53a61efb442,Aave_v3: ParaSwapDebtSwapAdapterV3GHO
sky_lockstakeengine,1,0xce01c90de7fd1bcfa39e237fe6d8d9f569e8a6a3,Sky: LockstakeEngine
contract_0xa11cc0efb1b3acd95a2b8cd316e8c132e16048b5,1,0xa11cc0efb1b3acd95a2b8cd316e8c132e16048b5,Contract 0xa11cc0efb1b3acd95a2b8cd316e8c132e16048b5
okx_swell_transparentupgradeableproxy,1,0x7251febeabb01ec9de53ece7a96f1c951f886dd2,Okx_swell: TransparentUpgradeableProxy
stakewise_v3_ethvaultfactory_vault,1,0xe6d8d8ac54461b1c5ed15740eee322043f696c08,Stakewise_v3: EthVaultFactory_Vault
contract_0x27ccaea1ebb74fa5afb7a00e504ad6d69ef6417f,1,0x27ccaea1ebb74fa5afb7a00e504ad6d69ef6417f,Contract 0x27ccaea1ebb74fa5afb7a00e504ad6d69ef6417f
polygon_zkevm_polygonzkevmbridge,1,0x2a3dd3eb832af982ec71669e178424b10dca2ede,Polygon_zkevm: PolygonZkEVMBridge
enso_finance_ensorouter,1,0xf75584ef6673ad213a685a1b58cc0330b8ea22cf,Enso_finance: EnsoRouter
contract_0xbce44616d96ba1659fac008ed3d9f171f67d254e,1,0xbce44616d96ba1659fac008ed3d9f171f67d254e,Contract 0xbce44616d96ba1659fac008ed3d9f171f67d254e
contract_0x7a7f0b3c23c23a31cfcb0c44709be70d4d545c6e,1,0x7a7f0b3c23c23a31cfcb0c44709be70d4d545c6e,Contract 0x7a7f0b3c23c23a31cfcb0c44709be70d4d545c6e
contract_0x4025ee6512dbbda97049bcf5aa5d38c54af6be8a,1,0x4025ee6512dbbda97049bcf5aa5d38c54af6be8a,Contract 0x4025ee6512dbbda97049bcf5aa5d38c54af6be8a
contract_0xbcb4e4bcc41ab1494a3eb3456ed4edb8da5d46e4,1,0xbcb4e4bcc41ab1494a3eb3456ed4edb8da5d46e4,Contract 0xbcb4e4bcc41ab1494a3eb3456ed4edb8da5d46e4
arbitrum_gatewayrouter,1,0x72ce9c846789fdb6fc1f34ac4ad25dd9ef7031ef,Arbitrum: GatewayRouter
blast_optimismportal,1,0x0ec68c5b10f21effb74f2a5c61dfe6b08c0db6cb,Blast: OptimismPortal
contract_0x50c02710b06d6addb864d6b038010ef6fa1bcd92,1,0x50c02710b06d6addb864d6b038010ef6fa1bcd92,Contract 0x50c02710b06d6addb864d6b038010ef6fa1bcd92
contract_0x00b19a5200a100e5fc4c9800772f4d002f218400,1,0x00b19a5200a100e5fc4c9800772f4d002f218400,Contract 0x00b19a5200a100e5fc4c9800772f4d002f218400
suibridge_suibridge,1,0xda3bd1fe1973470312db04551b65f401bc8a92fd,Suibridge: SuiBridge
lombard_finance_atomicqueue,1,0x3b4acd8879fb60586ccd74bc2f831a4c5e7dbbf8,Lombard_finance: AtomicQueue
contract_0x1744424936c6f1a4921130b12aa4f3832b421002,1,0x1744424936c6f1a4921130b12aa4f3832b421002,Contract 0x1744424936c6f1a4921130b12aa4f3832b421002
contract_0x0c3cf6bf9faffa39a8a9b6891e1777a898bb5754,1,0x0c3cf6bf9faffa39a8a9b6891e1777a898bb5754,Contract 0x0c3cf6bf9faffa39a8a9b6891e1777a898bb5754
aave_v3_umbrellabatchhelper,1,0xce6ced23118edeb23054e06118a702797b13fc2f,Aave_v3: UmbrellaBatchHelper
contract_0xe1454d9d16aed283f3375f7f6abf4dcf686ac16b,1,0xe1454d9d16aed283f3375f7f6abf4dcf686ac16b,Contract 0xe1454d9d16aed283f3375f7f6abf4dcf686ac16b
erc4337_entrypoint_v0_7,1,0x0000000071727de22e5e9d8baf0edac6f37da032,Erc4337: EntryPoint_v0_7
disperse_disperse,1,0xd152f549545093347a162dce210e7293f1452150,Disperse: Disperse
sky_usdspsmwrapper,1,0xa188eec8f81263234da3622a406892f3d630f98c,Sky: UsdsPsmWrapper
contract_0x3b225f50ebe590c46a4b5b4855f96cada6da6fc9,1,0x3b225f50ebe590c46a4b5b4855f96cada6da6fc9,Contract 0x3b225f50ebe590c46a4b5b4855f96cada6da6fc9
arbitrum_outbox,1,0x0b9857ae2d4a3dbe74ffe1d7df045bb7f96e4840,Arbitrum: Outbox
contract_0x078ba686c71bf487e262fe9ed595cf6ac5f75122,1,0x078ba686c71bf487e262fe9ed595cf6ac5f75122,Contract 0x078ba686c71bf487e262fe9ed595cf6ac5f75122
contract_0xdf531bdcda1df716618975609b4c3f0f5c36660b,1,0xdf531bdcda1df716618975609b4c3f0f5c36660b,Contract 0xdf531bdcda1df716618975609b4c3f0f5c36660b
contract_0x812e75dc969369c23eff643c38ecfe43e48e2c36,1,0x812e75dc969369c23eff643c38ecfe43e48e2c36,Contract 0x812e75dc969369c23eff643c38ecfe43e48e2c36
contract_0x00000000000044a361ae3cac094c9d1b14eece97,1,0x00000000000044a361ae3cac094c9d1b14eece97,Contract 0x00000000000044a361ae3cac094c9d1b14eece97
foundation_nftmarketrouter,1,0x762340b8a40cdd5bfc3edd94265899fda345d0e3,Foundation: NFTMarketRouter
contract_0x8d50e8e087bdb834c8f684cfdaf54f6a25cbcd57,1,0x8d50e8e087bdb834c8f684cfdaf54f6a25cbcd57,Contract 0x8d50e8e087bdb834c8f684cfdaf54f6a25cbcd57
orderly_vault_ethereum,1,0x816f722424b49cf1275cc86da9840fbd5a6167e9,Orderly: vault_ethereum
contract_0x0d29d370bb40e9b25a1b14b05b52c568d138ed6f,1,0x0d29d370bb40e9b25a1b14b05b52c568d138ed6f,Contract 0x0d29d370bb40e9b25a1b14b05b52c568d138ed6f
contract_0x3bed6b80c361567c200e5b9187f8e2fb4a80d68e,1,0x3bed6b80c361567c200e5b9187f8e2fb4a80d68e,Contract 0x3bed6b80c361567c200e5b9187f8e2fb4a80d68e
contract_0xf5e10380213880111522dd0efd3dbb45b9f62bcc,1,0xf5e10380213880111522dd0efd3dbb45b9f62bcc,Contract 0xf5e10380213880111522dd0efd3dbb45b9f62bcc
contract_0x0c7d6899a1443a307ca6460c8e0cdf1635fd4712,1,0x0c7d6899a1443a307ca6460c8e0cdf1635fd4712,Contract 0x0c7d6899a1443a307ca6460c8e0cdf1635fd4712
contract_0xbba30d14d8e1e377547f4450fe1b169e16b4dc61,1,0xbba30d14d8e1e377547f4450fe1b169e16b4dc61,Contract 0xbba30d14d8e1e377547f4450fe1b169e16b4dc61
contract_0xdc8f4b8b06804d2dbe318539b5c40a3fab43e0a4,1,0xdc8f4b8b06804d2dbe318539b5c40a3fab43e0a4,Contract 0xdc8f4b8b06804d2dbe318539b5c40a3fab43e0a4
superrare_superrarebazaar,1,0x6d7c44773c52d396f43c2d511b81aa168e9a7a42,Superrare: SuperRareBazaar
contract_0x31ad52e09529db6ba1beb8a83f90e128bc3ff242,1,0x31ad52e09529db6ba1beb8a83f90e128bc3ff242,Contract 0x31ad52e09529db6ba1beb8a83f90e128bc3ff242
contract_0xc0a1a1e4af873e9a37a0cac37f3ab81152432cc5,1,0xc0a1a1e4af873e9a37a0cac37f3ab81152432cc5,Contract 0xc0a1a1e4af873e9a37a0cac37f3ab81152432cc5
eigenlayer_strategymanager,1,0x858646372cc42e1a627fce94aa7a7033e7cf075a,Eigenlayer: StrategyManager
foomcash_foomlottery,1,0x239af915abcd0a5dcb8566e863088423831951f8,Foomcash: FoomLottery
protocol_fx_v2_xposition,1,0x33636d49fbefbe798e15e7f356e8dbef543cc708,Protocol_fx_v2: xPosition
spark_protocol_pool,1,0xc13e21b648a5ee794902342038ff3adab66be987,Spark_protocol: Pool
contract_0xa4ca34e769aa71c6ef38f7d0d1efe9ab9547b84e,1,0xa4ca34e769aa71c6ef38f7d0d1efe9ab9547b84e,Contract 0xa4ca34e769aa71c6ef38f7d0d1efe9ab9547b84e
contract_0x51c72848c68a965f66fa7a88855f9f7784502a7f,1,0x51c72848c68a965f66fa7a88855f9f7784502a7f,Contract 0x51c72848c68a965f66fa7a88855f9f7784502a7f
meson_proxytomeson,1,0x25ab3efd52e6470681ce037cd546dc60726948d3,Meson: ProxyToMeson
contract_0x0220b1ea1b56ece8e2b62c8965659f0a621e9ebd,1,0x0220b1ea1b56ece8e2b62c8965659f0a621e9ebd,Contract 0x0220b1ea1b56ece8e2b62c8965659f0a621e9ebd
contract_0x4313c378cc91ea583c91387b9216e2c03096b27f,1,0x4313c378cc91ea583c91387b9216e2c03096b27f,Contract 0x4313c378cc91ea583c91387b9216e2c03096b27f
tornado_cash_tornadorouter,1,0xd90e2f925da726b50c4ed8d0fb90ad053324f31b,Tornado_cash: TornadoRouter
aave_v3_rewardscontroller,1,0x4655ce3d625a63d30ba704087e52b4c31e38188b,Aave_v3: RewardsController
contract_0x417e1bcf39742534ae65988e4eb3eac1a243cbc0,1,0x417e1bcf39742534ae65988e4eb3eac1a243cbc0,Contract 0x417e1bcf39742534ae65988e4eb3eac1a243cbc0
pendle_pendlelimitrouter,1,0x000000000000c9b3e2c3ec88b1b4c0cd853f4321,Pendle: PendleLimitRouter
contract_0xb965602e41af7a92b3f4b48729736aded9c94e47,1,0xb965602e41af7a92b3f4b48729736aded9c94e47,Contract 0xb965602e41af7a92b3f4b48729736aded9c94e47
contract_0x9f07d0014f8be4467d7d421d0698d63242a290b1,1,0x9f07d0014f8be4467d7d421d0698d63242a290b1,Contract 0x9f07d0014f8be4467d7d421d0698d63242a290b1
contract_0x996913c8c08472f584ab8834e925b06d0eb1d813,1,0x996913c8c08472f584ab8834e925b06d0eb1d813,Contract 0x996913c8c08472f584ab8834e925b06d0eb1d813
contract_0x2fe934eb46720a56e64e28ab30f1caa926288bb8,1,0x2fe934eb46720a56e64e28ab30f1caa926288bb8,Contract 0x2fe934eb46720a56e64e28ab30f1caa926288bb8
railgun_railgunlogic,1,0xfa7093cdd9ee6932b4eb2c9e1cde7ce00b1fa4b9,Railgun: RailgunLogic